__well_num,__deposit,__pad_num,node_name_start,p_plast,_time,loss,model_kwh,node_id,source
401,Тайлаковское,40б,plast_к.40б__скв.401,207,1680271263,0,0,с/р №10 ПС 35/6 кВ Кузьмин  ТР-р 35/6 кВ №2 (укажите тип тр-ра; ; 0) nan КТПН 6/0 4 кВ 1000кВА №2 КП-40 Б 401,0
401,Тайлаковское,40б,plast_к.40б__скв.401,207,1680271263,0,0,Тайлаковское 40б 401,0
4304,Тайлаковское,43,plast_к.43__скв.4304,224,1680271263,0,0,с/р №10 ПС 35/6 кВ Кузьмин  ТР-р 35/6 кВ №2 (укажите тип тр-ра; ; 0) nan КТПН 6/0 4 кВ 630кВА №2 КП-43 4304,0
4304,Тайлаковское,43,plast_к.43__скв.4304,224,1680271263,0,0,Тайлаковское 43 4304,0
1415,Тайлаковское,55,plast_к.55__скв.1415,231,1680271263,0,0,Тайлаковское 55 1415,0
883,Тайлаковское,88,plast_к.88__скв.883,198,1680271263,0,0,Тайлаковское 88 883,0
3742,Тайлаковское,37,plast_к.37__скв.3742,240,1680271263,0,0,с/р №10 ПС 35/6 кВ Кузьмин  ТР-р 35/6 кВ №1 (укажите тип тр-ра; ; 0) nan КТПН 6/0 4кВ 630кВА №1 КП-37 3742,0
3742,Тайлаковское,37,plast_к.37__скв.3742,240,1680271263,0,0,Тайлаковское 37 3742,0
98,Тайлаковское,96,plast_к.96__скв.98,195,1680271263,0,0,Тайлаковское 96 98,0
412,Тайлаковское,40б,plast_к.40б__скв.412,212,1680271263,0,0,Тайлаковское 40б 412,0
1508,Тайлаковское,45,plast_к.45__скв.1508,232,1680271263,0,0,с/р №10 ПС 35/6 кВ Кузьмин  ТР-р 35/6 кВ №2 (укажите тип тр-ра; ; 0) nan КТПН 6/0 4кВ 1000кВА №2 КП-45 1508,0
1508,Тайлаковское,45,plast_к.45__скв.1508,232,1680271263,0,0,Тайлаковское 45 1508,0
1500,Тайлаковское,45,plast_к.45__скв.1500,241,1680271263,0,0,с/р №10 ПС 35/6 кВ Кузьмин  ТР-р 35/6 кВ №2 (укажите тип тр-ра; ; 0) nan КТПН 6/0 4кВ 1000кВА №2 КП-45 1500,0
1500,Тайлаковское,45,plast_к.45__скв.1500,241,1680271263,0,0,Тайлаковское 45 1500,0
6003,Тайлаковское,44,plast_к.44__скв.6003,224,1680271263,0,0,с/р №10 ПС 35/6 кВ Кузьмин  ТР-р 35/6 кВ №1 (укажите тип тр-ра; ; 0) nan КТПН 6/0 4 кВ 1000кВА №2 КП-44 6003,0
6003,Тайлаковское,44,plast_к.44__скв.6003,224,1680271263,0,0,Тайлаковское 44 6003,0
1906,Тайлаковское,71,plast_к.71__скв.1906,190,1680271263,0,0,Тайлаковское 71 1906,0
1620,Тайлаковское,88,plast_к.88__скв.1620,198,1680271263,0,0,Тайлаковское 88 1620,0
1903,Тайлаковское,71,plast_к.71__скв.1903,188,1680271263,0,0,с/р №10 ПС 35/6 кВ Кузьмин  ТР-р 35/6 кВ №1 (укажите тип тр-ра; ; 0) nan КТПН 6/0 4 кВ 1000 кВА №2 КП-71 1903,0
1903,Тайлаковское,71,plast_к.71__скв.1903,188,1680271263,0,0,Тайлаковское 71 1903,0
1626,Тайлаковское,88,plast_к.88__скв.1626,197,1680271263,0,0,Тайлаковское 88 1626,0
1907,Тайлаковское,71,plast_к.71__скв.1907,261,1680271263,0,0,с/р №10 ПС 35/6 кВ Кузьмин  ТР-р 35/6 кВ №1 (укажите тип тр-ра; ; 0) nan КТПН 6/0 4 кВ 1000 кВА №2 КП-71 1907,0
1907,Тайлаковское,71,plast_к.71__скв.1907,261,1680271263,0,0,Тайлаковское 71 1907,0
5999,Тайлаковское,44,plast_к.44__скв.5999,228,1680271263,0,0,с/р №10 ПС 35/6 кВ Кузьмин  ТР-р 35/6 кВ №1 (укажите тип тр-ра; ; 0) nan КТПН 6/0 4 кВ 1000кВА №1 КП-44 5999,0
5999,Тайлаковское,44,plast_к.44__скв.5999,228,1680271263,0,0,Тайлаковское 44 5999,0
581,Тайлаковское,40,plast_к.40__скв.581,170,1680271263,0,0,с/р №10 ПС 35/6 кВ Кузьмин  ТР-р 35/6 кВ №1 (укажите тип тр-ра; ; 0) nan КТПН 6/0 4кВ 630кВА №1 КП-40 581,0
581,Тайлаковское,40,plast_к.40__скв.581,170,1680271263,0,0,Тайлаковское 40 581,0
4301,Тайлаковское,43,plast_к.43__скв.4301,199,1680271263,0,0,с/р №10 ПС 35/6 кВ Кузьмин  ТР-р 35/6 кВ №1 (укажите тип тр-ра; ; 0) nan КТПН 6/0 4 кВ 1000кВА №1 КП-43 4301,0
4301,Тайлаковское,43,plast_к.43__скв.4301,199,1680271263,0,0,Тайлаковское 43 4301,0
6001,Тайлаковское,44,plast_к.44__скв.6001,234,1680271263,0,0,с/р №10 ПС 35/6 кВ Кузьмин  ТР-р 35/6 кВ №1 (укажите тип тр-ра; ; 0) nan КТПН 6/0 4 кВ 1000кВА №2 КП-44 6001,0
6001,Тайлаковское,44,plast_к.44__скв.6001,234,1680271263,0,0,Тайлаковское 44 6001,0
1412,Тайлаковское,55,plast_к.55__скв.1412,228,1680271263,0,0,Тайлаковское 55 1412,0
2300,Тайлаковское,230,plast_к.230__скв.2300,235,1680271263,0,0,с/р №10 ПС 35/6 кВ Кузьмин  ТР-р 35/6 кВ №2 (укажите тип тр-ра; ; 0) nan КТПН 6/0 4 кВ 1000кВА №2 КП-230 2300,0
2300,Тайлаковское,230,plast_к.230__скв.2300,235,1680271263,0,0,Тайлаковское 230 2300,0
572,Тайлаковское,40,plast_к.40__скв.572,272,1680271263,0,0,с/р №10 ПС 35/6 кВ Кузьмин  ТР-р 35/6 кВ №1 (укажите тип тр-ра; ; 0) nan КТПН 6/0 4кВ 630кВА №1 КП-40 572,0
572,Тайлаковское,40,plast_к.40__скв.572,272,1680271263,0,0,Тайлаковское 40 572,0
404,Тайлаковское,40б,plast_к.40б__скв.404,183,1680271263,0,0,Тайлаковское 40б 404,0
400,Тайлаковское,40б,plast_к.40б__скв.400,202,1680271263,0,0,с/р №10 ПС 35/6 кВ Кузьмин  ТР-р 35/6 кВ №2 (укажите тип тр-ра; ; 0) nan КТПН 6/0 4 кВ 1000кВА №2 КП-40 Б 400,0
400,Тайлаковское,40б,plast_к.40б__скв.400,202,1680271263,0,0,Тайлаковское 40б 400,0
580,Тайлаковское,40,plast_к.40__скв.580,250,1680271263,0,0,с/р №10 ПС 35/6 кВ Кузьмин  ТР-р 35/6 кВ №2 (укажите тип тр-ра; ; 0) nan КТПН 6/0 4кВ 1000 кВА №2 КП-40 580,0
580,Тайлаковское,40,plast_к.40__скв.580,250,1680271263,0,0,Тайлаковское 40 580,0
1608,Тайлаковское,55,plast_к.55__скв.1608,191,1680271263,0,0,Тайлаковское 55 1608,0
1637,Тайлаковское,88,plast_к.88__скв.1637,245,1680271263,0,0,Тайлаковское 88 1637,0
1503,Тайлаковское,45,plast_к.45__скв.1503,204,1680271263,0,0,с/р №10 ПС 35/6 кВ Кузьмин  ТР-р 35/6 кВ №2 (укажите тип тр-ра; ; 0) nan КТПН 6/0 4кВ 1000кВА №2 КП-45 1503,0
1503,Тайлаковское,45,plast_к.45__скв.1503,204,1680271263,0,0,Тайлаковское 45 1503,0
1631,Тайлаковское,88,plast_к.88__скв.1631,204,1680271263,0,0,Тайлаковское 88 1631,0
1418,Тайлаковское,55,plast_к.55__скв.1418,231,1680271263,0,0,Тайлаковское 55 1418,0
1606,Тайлаковское,55,plast_к.55__скв.1606,192,1680271263,0,0,Тайлаковское 55 1606,0
100,Тайлаковское,96,plast_к.96__скв.100,194,1680271263,0,0,Тайлаковское 96 100,0
1911,Тайлаковское,71,plast_к.71__скв.1911,177,1680271263,0,0,с/р №10 ПС 35/6 кВ Кузьмин  ТР-р 35/6 кВ №1 (укажите тип тр-ра; ; 0) nan КТПН 6/0 4 кВ 1000 кВА №2 КП-71 1911,0
1911,Тайлаковское,71,plast_к.71__скв.1911,177,1680271263,0,0,Тайлаковское 71 1911,0
3702,Тайлаковское,37,plast_к.37__скв.3702,270,1680271263,0,0,с/р №10 ПС 35/6 кВ Кузьмин  ТР-р 35/6 кВ №1 (укажите тип тр-ра; ; 0) nan КТПН 6/0 4кВ 630кВА №1 КП-37 3702,0
3702,Тайлаковское,37,plast_к.37__скв.3702,270,1680271263,0,0,Тайлаковское 37 3702,0
418,Тайлаковское,40б,plast_к.40б__скв.418,212,1680271263,0,0,Тайлаковское 40б 418,0
4302,Тайлаковское,43,plast_к.43__скв.4302,247,1680271263,0,0,с/р №10 ПС 35/6 кВ Кузьмин  ТР-р 35/6 кВ №2 (укажите тип тр-ра; ; 0) nan КТПН 6/0 4 кВ 630кВА №2 КП-43 4302,0
4302,Тайлаковское,43,plast_к.43__скв.4302,247,1680271263,0,0,Тайлаковское 43 4302,0
1756,Тайлаковское,40,plast_к.40__скв.1756,266,1680271263,0,0,с/р №10 ПС 35/6 кВ Кузьмин  ТР-р 35/6 кВ №1 (укажите тип тр-ра; ; 0) nan КТПН 6/0 4кВ 630кВА №1 КП-40 1756,0
1756,Тайлаковское,40,plast_к.40__скв.1756,266,1680271263,0,0,Тайлаковское 40 1756,0
571,Тайлаковское,40,plast_к.40__скв.571,255,1680271263,0,0,с/р №10 ПС 35/6 кВ Кузьмин  ТР-р 35/6 кВ №1 (укажите тип тр-ра; ; 0) nan КТПН 6/0 4кВ 630кВА №1 КП-40 571,0
571,Тайлаковское,40,plast_к.40__скв.571,255,1680271263,0,0,Тайлаковское 40 571,0
1622,Тайлаковское,88,plast_к.88__скв.1622,204,1680271263,0,0,Тайлаковское 88 1622,0
1900,Тайлаковское,71,plast_к.71__скв.1900,210,1680271263,0,0,с/р №10 ПС 35/6 кВ Кузьмин  ТР-р 35/6 кВ №1 (укажите тип тр-ра; ; 0) nan КТПН 6/0 4 кВ 1000 кВА №2 КП-71 1900,0
1900,Тайлаковское,71,plast_к.71__скв.1900,210,1680271263,0,0,Тайлаковское 71 1900,0
410,Тайлаковское,40б,plast_к.40б__скв.410,225,1680271263,0,0,с/р №10 ПС 35/6 кВ Кузьмин  ТР-р 35/6 кВ №2 (укажите тип тр-ра; ; 0) nan КТПН 6/0 4 кВ 1000кВА №2 КП-40 Б 410,0
410,Тайлаковское,40б,plast_к.40б__скв.410,225,1680271263,0,0,Тайлаковское 40б 410,0
627,Тайлаковское,45,plast_к.45__скв.627,210,1680271263,0,0,с/р №10 ПС 35/6 кВ Кузьмин  ТР-р 35/6 кВ №2 (укажите тип тр-ра; ; 0) nan КТПН 6/0 4кВ 1000кВА №2 КП-45 627,0
627,Тайлаковское,45,plast_к.45__скв.627,210,1680271263,0,0,Тайлаковское 45 627,0
2302,Тайлаковское,230,plast_к.230__скв.2302,1680271263,0,0,Тайлаковское 230 2302,0,
1600,Тайлаковское,55,plast_к.55__скв.1600,192,1680271263,0,0,Тайлаковское 55 1600,0
2306,Тайлаковское,230,plast_к.230__скв.2306,1680271263,0,0,с/р №10 ПС 35/6 кВ Кузьмин  ТР-р 35/6 кВ №2 (укажите тип тр-ра; ; 0) nan КТПН 6/0 4 кВ 1000кВА №1 КП-230 2306,0,
2306,Тайлаковское,230,plast_к.230__скв.2306,1680271263,0,0,Тайлаковское 230 2306,0,
3780,Тайлаковское,37,plast_к.37__скв.3780,276,1680271263,0,0,с/р №10 ПС 35/6 кВ Кузьмин  ТР-р 35/6 кВ №1 (укажите тип тр-ра; ; 0) nan КТПН 6/0 4кВ 630кВА №1 КП-37 3780,0
3780,Тайлаковское,37,plast_к.37__скв.3780,276,1680271263,0,0,Тайлаковское 37 3780,0
1902,Тайлаковское,71,plast_к.71__скв.1902,205,1680271263,0,0,с/р №10 ПС 35/6 кВ Кузьмин  ТР-р 35/6 кВ №1 (укажите тип тр-ра; ; 0) nan КТПН 6/0 4 кВ 1000 кВА №2 КП-71 1902,0
1902,Тайлаковское,71,plast_к.71__скв.1902,205,1680271263,0,0,Тайлаковское 71 1902,0
409,Тайлаковское,40б,plast_к.40б__скв.409,188,1680271263,0,0,с/р №10 ПС 35/6 кВ Кузьмин  ТР-р 35/6 кВ №2 (укажите тип тр-ра; ; 0) nan КТПН 6/0 4 кВ 1000кВА №2 КП-40 Б 409,0
409,Тайлаковское,40б,plast_к.40б__скв.409,188,1680271263,0,0,Тайлаковское 40б 409,0
1602,Тайлаковское,55,plast_к.55__скв.1602,193,1680271263,0,0,Тайлаковское 55 1602,0
104,Тайлаковское,96,plast_к.96__скв.104,246,1680271263,0,0,Тайлаковское 96 104,0
408,Тайлаковское,40б,plast_к.40б__скв.408,166,1680271263,0,0,Тайлаковское 40б 408,0
421,Тайлаковское,40б,plast_к.40б__скв.421,226,1680271263,0,0,Тайлаковское 40б 421,0
1413,Тайлаковское,55,plast_к.55__скв.1413,223,1680271263,0,0,Тайлаковское 55 1413,0
3703,Тайлаковское,37,plast_к.37__скв.3703,237,1680271263,0,0,с/р №10 ПС 35/6 кВ Кузьмин  ТР-р 35/6 кВ №1 (укажите тип тр-ра; ; 0) nan КТПН 6/0 4кВ 630кВА №1 КП-37 3703,0
3703,Тайлаковское,37,plast_к.37__скв.3703,237,1680271263,0,0,Тайлаковское 37 3703,0
582,Тайлаковское,40,plast_к.40__скв.582,187,1680271263,0,0,с/р №10 ПС 35/6 кВ Кузьмин  ТР-р 35/6 кВ №1 (укажите тип тр-ра; ; 0) nan КТПН 6/0 4кВ 630кВА №1 КП-40 582,0
582,Тайлаковское,40,plast_к.40__скв.582,187,1680271263,0,0,Тайлаковское 40 582,0
573,Тайлаковское,40,plast_к.40__скв.573,178,1680271263,0,0,с/р №10 ПС 35/6 кВ Кузьмин  ТР-р 35/6 кВ №1 (укажите тип тр-ра; ; 0) nan КТПН 6/0 4кВ 630кВА №1 КП-40 573,0
573,Тайлаковское,40,plast_к.40__скв.573,178,1680271263,0,0,Тайлаковское 40 573,0
1417,Тайлаковское,55,plast_к.55__скв.1417,217,1680271263,0,0,Тайлаковское 55 1417,0
6002,Тайлаковское,44,plast_к.44__скв.6002,214,1680271263,0,0,с/р №10 ПС 35/6 кВ Кузьмин  ТР-р 35/6 кВ №1 (укажите тип тр-ра; ; 0) nan КТПН 6/0 4 кВ 1000кВА №1 КП-44 6002,0
6002,Тайлаковское,44,plast_к.44__скв.6002,214,1680271263,0,0,Тайлаковское 44 6002,0
4308,Тайлаковское,43,plast_к.43__скв.4308,202,1680271263,0,0,с/р №10 ПС 35/6 кВ Кузьмин  ТР-р 35/6 кВ №2 (укажите тип тр-ра; ; 0) nan КТПН 6/0 4 кВ 630кВА №2 КП-43 4308,0
4308,Тайлаковское,43,plast_к.43__скв.4308,202,1680271263,0,0,Тайлаковское 43 4308,0
1613,Тайлаковское,55,plast_к.55__скв.1613,195,1680271263,0,0,Тайлаковское 55 1613,0
402,Тайлаковское,40б,plast_к.40б__скв.402,207,1680271263,0,0,с/р №10 ПС 35/6 кВ Кузьмин  ТР-р 35/6 кВ №2 (укажите тип тр-ра; ; 0) nan КТПН 6/0 4 кВ 1000кВА №2 КП-40 Б 402,0
402,Тайлаковское,40б,plast_к.40б__скв.402,207,1680271263,0,0,Тайлаковское 40б 402,0
416,Тайлаковское,40б,plast_к.40б__скв.416,193,1680271263,0,0,Тайлаковское 40б 416,0
1414,Тайлаковское,55,plast_к.55__скв.1414,237,1680271263,0,0,Тайлаковское 55 1414,0
2304,Тайлаковское,230,plast_к.230__скв.2304,1680271263,0,0,с/р №10 ПС 35/6 кВ Кузьмин  ТР-р 35/6 кВ №2 (укажите тип тр-ра; ; 0) nan КТПН 6/0 4 кВ 1000кВА №1 КП-230 2304,0,
2304,Тайлаковское,230,plast_к.230__скв.2304,1680271263,0,0,Тайлаковское 230 2304,0,
1501,Тайлаковское,45,plast_к.45__скв.1501,215,1680271263,0,0,с/р №10 ПС 35/6 кВ Кузьмин  ТР-р 35/6 кВ №2 (укажите тип тр-ра; ; 0) nan КТПН 6/0 4кВ 1000кВА №2 КП-45 1501,0
1501,Тайлаковское,45,plast_к.45__скв.1501,215,1680271263,0,0,Тайлаковское 45 1501,0
411,Тайлаковское,40б,plast_к.40б__скв.411,198,1680271263,0,0,Тайлаковское 40б 411,0
1636,Тайлаковское,88,plast_к.88__скв.1636,165,1680271263,0,0,Тайлаковское 88 1636,0
1506,Тайлаковское,45,plast_к.45__скв.1506,232,1680271263,0,0,с/р №10 ПС 35/6 кВ Кузьмин  ТР-р 35/6 кВ №2 (укажите тип тр-ра; ; 0) nan КТПН 6/0 4кВ 1000кВА №2 КП-45 1506,0
1506,Тайлаковское,45,plast_к.45__скв.1506,232,1680271263,0,0,Тайлаковское 45 1506,0
1638,Тайлаковское,88,plast_к.88__скв.1638,181,1680271263,0,0,Тайлаковское 88 1638,0
6004,Тайлаковское,44,plast_к.44__скв.6004,216,1680271263,0,0,с/р №10 ПС 35/6 кВ Кузьмин  ТР-р 35/6 кВ №1 (укажите тип тр-ра; ; 0) nan КТПН 6/0 4 кВ 1000кВА №1 КП-44 6004,0
6004,Тайлаковское,44,plast_к.44__скв.6004,216,1680271263,0,0,Тайлаковское 44 6004,0
2303,Тайлаковское,230,plast_к.230__скв.2303,1680271263,0,0,с/р №10 ПС 35/6 кВ Кузьмин  ТР-р 35/6 кВ №2 (укажите тип тр-ра; ; 0) nan КТПН 6/0 4 кВ 1000кВА №1 КП-230 2303,0,
2303,Тайлаковское,230,plast_к.230__скв.2303,1680271263,0,0,Тайлаковское 230 2303,0,
1416,Тайлаковское,55,plast_к.55__скв.1416,217,1680271263,0,0,Тайлаковское 55 1416,0
1513,Тайлаковское,45,plast_к.45__скв.1513,228,1680271263,0,0,с/р №10 ПС 35/6 кВ Кузьмин  ТР-р 35/6 кВ №2 (укажите тип тр-ра; ; 0) nan КТПН 6/0 4 кВ 400 кВА №2 К-45 Б 1513,0
1513,Тайлаковское,45,plast_к.45__скв.1513,228,1680271263,0,0,Тайлаковское 45 1513,0
882,Тайлаковское,88,plast_к.88__скв.882,169,1680271263,0,0,Тайлаковское 88 882,0
1633,Тайлаковское,88,plast_к.88__скв.1633,178,1680271263,0,0,Тайлаковское 88 1633,0
6005,Тайлаковское,44,plast_к.44__скв.6005,235,1680271263,0,0,с/р №10 ПС 35/6 кВ Кузьмин  ТР-р 35/6 кВ №1 (укажите тип тр-ра; ; 0) nan КТПН 6/0 4 кВ 1000кВА №2 КП-44 6005,0
6005,Тайлаковское,44,plast_к.44__скв.6005,235,1680271263,0,0,Тайлаковское 44 6005,0
470,Тайлаковское,37,plast_к.37__скв.470,296,1680271263,0,0,с/р №10 ПС 35/6 кВ Кузьмин  ТР-р 35/6 кВ №1 (укажите тип тр-ра; ; 0) nan КТПН 6/0 4кВ 630кВА №1 КП-37 470,0
470,Тайлаковское,37,plast_к.37__скв.470,296,1680271263,0,0,Тайлаковское 37 470,0
1603,Тайлаковское,55,plast_к.55__скв.1603,306,1680271263,0,0,Тайлаковское 55 1603,0
3781,Тайлаковское,37,plast_к.37__скв.3781,213,1680271263,0,0,с/р №10 ПС 35/6 кВ Кузьмин  ТР-р 35/6 кВ №1 (укажите тип тр-ра; ; 0) nan КТПН 6/0 4кВ 630кВА №1 КП-37 3781,0
3781,Тайлаковское,37,plast_к.37__скв.3781,213,1680271263,0,0,Тайлаковское 37 3781,0
1628,Тайлаковское,88,plast_к.88__скв.1628,168,1680271263,0,0,Тайлаковское 88 1628,0
110,Тайлаковское,96,plast_к.96__скв.110,208,1680271263,0,0,Тайлаковское 96 110,0